Supplier,Item_Category,po_count_in_window,window_start,window_end,combined_value
Beta_Supplies,Electronics,3,2023-10-18 00:00:00,2023-10-21 00:00:00,336583.99
Beta_Supplies,Electronics,3,2023-07-05 00:00:00,2023-07-06 00:00:00,204091.79
Delta_Logistics,MRO,3,2023-09-26 00:00:00,2023-10-01 00:00:00,153182.52
Gamma_Co,MRO,3,2023-03-09 00:00:00,2023-03-12 00:00:00,147087.26
Delta_Logistics,Packaging,3,2022-09-27 00:00:00,2022-10-01 00:00:00,136978.11000000002
Delta_Logistics,Raw Materials,3,2022-08-05 00:00:00,2022-08-07 00:00:00,108731.29999999999
Alpha_Inc,MRO,3,2023-03-06 00:00:00,2023-03-09 00:00:00,79674.98
Gamma_Co,Electronics,3,2022-02-28 00:00:00,2022-03-04 00:00:00,59038.93
Beta_Supplies,Packaging,3,2022-08-08 00:00:00,2022-08-11 00:00:00,52090.479999999996
